Date,Actuals,Predicted,Predicted_Lower,Predicted_Upper,Frequency,Business,Type,Profit_Center,Region,SoldTo,External_Variable,External_Variable_Source,Model_Name
1/3/19,17810,17810,17810,17810,Weekly,Residential,POS,Retail,US,All,No,No,US Residential Retail POS Units
1/10/19,19160,19160,19160,19160,Weekly,Residential,POS,Retail,US,All,No,No,US Residential Retail POS Units
1/17/19,15813,15813,15813,15813,Weekly,Residential,POS,Retail,US,All,No,No,US Residential Retail POS Units
1/24/19,17918,17918,17918,17918,Weekly,Residential,POS,Retail,US,All,No,No,US Residential Retail POS Units
1/31/19,17444,17444,17444,17444,Weekly,Residential,POS,Retail,US,All,No,No,US Residential Retail POS Units
2/7/19,18390,18390,18390,18390,Weekly,Residential,POS,Retail,US,All,No,No,US Residential Retail POS Units
2/14/19,17093,17093,17093,17093,Weekly,Residential,POS,Retail,US,All,No,No,US Residential Retail POS Units
2/21/19,17562,17562,17562,17562,Weekly,Residential,POS,Retail,US,All,No,No,US Residential Retail POS Units
2/28/19,19026,19026,19026,19026,Weekly,Residential,POS,Retail,US,All,No,No,US Residential Retail POS Units
3/7/19,18309,18309,18309,18309,Weekly,Residential,POS,Retail,US,All,No,No,US Residential Retail POS Units
3/14/19,17588,17588,17588,17588,Weekly,Residential,POS,Retail,US,All,No,No,US Residential Retail POS Units
3/21/19,21642,21642,21642,21642,Weekly,Residential,POS,Retail,US,All,No,No,US Residential Retail POS Units
3/28/19,18136,18136,18136,18136,Weekly,Residential,POS,Retail,US,All,No,No,US Residential Retail POS Units
4/4/19,18149,18149,18149,18149,Weekly,Residential,POS,Retail,US,All,No,No,US Residential Retail POS Units
4/11/19,19340,19340,19340,19340,Weekly,Residential,POS,Retail,US,All,No,No,US Residential Retail POS Units
4/18/19,17719,17719,17719,17719,Weekly,Residential,POS,Retail,US,All,No,No,US Residential Retail POS Units
4/25/19,18431,18431,18431,18431,Weekly,Residential,POS,Retail,US,All,No,No,US Residential Retail POS Units
5/2/19,18914,18914,18914,18914,Weekly,Residential,POS,Retail,US,All,No,No,US Residential Retail POS Units
5/9/19,17549,17549,17549,17549,Weekly,Residential,POS,Retail,US,All,No,No,US Residential Retail POS Units
5/16/19,19677,19677,19677,19677,Weekly,Residential,POS,Retail,US,All,No,No,US Residential Retail POS Units
5/23/19,18355,18355,18355,18355,Weekly,Residential,POS,Retail,US,All,No,No,US Residential Retail POS Units
5/30/19,19453,19453,19453,19453,Weekly,Residential,POS,Retail,US,All,No,No,US Residential Retail POS Units
6/6/19,19575,19575,19575,19575,Weekly,Residential,POS,Retail,US,All,No,No,US Residential Retail POS Units
6/13/19,19091,19091,19091,19091,Weekly,Residential,POS,Retail,US,All,No,No,US Residential Retail POS Units
6/20/19,19405,19405,19405,19405,Weekly,Residential,POS,Retail,US,All,No,No,US Residential Retail POS Units
6/27/19,18421,18421,18421,18421,Weekly,Residential,POS,Retail,US,All,No,No,US Residential Retail POS Units
7/4/19,20688,20688,20688,20688,Weekly,Residential,POS,Retail,US,All,No,No,US Residential Retail POS Units
7/11/19,22814,22814,22814,22814,Weekly,Residential,POS,Retail,US,All,No,No,US Residential Retail POS Units
7/18/19,21032,21032,21032,21032,Weekly,Residential,POS,Retail,US,All,No,No,US Residential Retail POS Units
7/25/19,17451,17451,17451,17451,Weekly,Residential,POS,Retail,US,All,No,No,US Residential Retail POS Units
8/1/19,20338,20338,20338,20338,Weekly,Residential,POS,Retail,US,All,No,No,US Residential Retail POS Units
8/8/19,21403,21403,21403,21403,Weekly,Residential,POS,Retail,US,All,No,No,US Residential Retail POS Units
8/15/19,20829,20829,20829,20829,Weekly,Residential,POS,Retail,US,All,No,No,US Residential Retail POS Units
8/22/19,17579,17579,17579,17579,Weekly,Residential,POS,Retail,US,All,No,No,US Residential Retail POS Units
8/29/19,23668,23668,23668,23668,Weekly,Residential,POS,Retail,US,All,No,No,US Residential Retail POS Units
9/5/19,20829,20829,20829,20829,Weekly,Residential,POS,Retail,US,All,No,No,US Residential Retail POS Units
9/12/19,18153,18153,18153,18153,Weekly,Residential,POS,Retail,US,All,No,No,US Residential Retail POS Units
9/19/19,18583,18583,18583,18583,Weekly,Residential,POS,Retail,US,All,No,No,US Residential Retail POS Units
9/26/19,20278,20278,20278,20278,Weekly,Residential,POS,Retail,US,All,No,No,US Residential Retail POS Units
10/3/19,19205,19205,19205,19205,Weekly,Residential,POS,Retail,US,All,No,No,US Residential Retail POS Units
10/10/19,20180,20180,20180,20180,Weekly,Residential,POS,Retail,US,All,No,No,US Residential Retail POS Units
10/17/19,20499,20499,20499,20499,Weekly,Residential,POS,Retail,US,All,No,No,US Residential Retail POS Units
10/24/19,20633,20633,20633,20633,Weekly,Residential,POS,Retail,US,All,No,No,US Residential Retail POS Units
10/31/19,20514,20514,20514,20514,Weekly,Residential,POS,Retail,US,All,No,No,US Residential Retail POS Units
11/7/19,23379,23379,23379,23379,Weekly,Residential,POS,Retail,US,All,No,No,US Residential Retail POS Units
11/14/19,23218,23218,23218,23218,Weekly,Residential,POS,Retail,US,All,No,No,US Residential Retail POS Units
11/21/19,22146,22146,22146,22146,Weekly,Residential,POS,Retail,US,All,No,No,US Residential Retail POS Units
11/28/19,25038,25038,25038,25038,Weekly,Residential,POS,Retail,US,All,No,No,US Residential Retail POS Units
12/5/19,22360,22360,22360,22360,Weekly,Residential,POS,Retail,US,All,No,No,US Residential Retail POS Units
12/12/19,20625,20625,20625,20625,Weekly,Residential,POS,Retail,US,All,No,No,US Residential Retail POS Units
12/19/19,19923,19923,19923,19923,Weekly,Residential,POS,Retail,US,All,No,No,US Residential Retail POS Units
12/26/19,17722,17722,17722,17722,Weekly,Residential,POS,Retail,US,All,No,No,US Residential Retail POS Units
1/2/20,15969,15969,15969,15969,Weekly,Residential,POS,Retail,US,All,No,No,US Residential Retail POS Units
1/9/20,20538,20538,20538,20538,Weekly,Residential,POS,Retail,US,All,No,No,US Residential Retail POS Units
1/16/20,16437,16437,16437,16437,Weekly,Residential,POS,Retail,US,All,No,No,US Residential Retail POS Units
1/23/20,17599,17599,17599,17599,Weekly,Residential,POS,Retail,US,All,No,No,US Residential Retail POS Units
1/30/20,15203,15203,15203,15203,Weekly,Residential,POS,Retail,US,All,No,No,US Residential Retail POS Units
2/6/20,15707,15707,15707,15707,Weekly,Residential,POS,Retail,US,All,No,No,US Residential Retail POS Units
2/13/20,15005,15005,15005,15005,Weekly,Residential,POS,Retail,US,All,No,No,US Residential Retail POS Units
2/20/20,15636,15636,15636,15636,Weekly,Residential,POS,Retail,US,All,No,No,US Residential Retail POS Units
2/27/20,17382,17382,17382,17382,Weekly,Residential,POS,Retail,US,All,No,No,US Residential Retail POS Units
3/5/20,19084,19084,19084,19084,Weekly,Residential,POS,Retail,US,All,No,No,US Residential Retail POS Units
3/12/20,16880,16880,16880,16880,Weekly,Residential,POS,Retail,US,All,No,No,US Residential Retail POS Units
3/19/20,15097,15097,15097,15097,Weekly,Residential,POS,Retail,US,All,No,No,US Residential Retail POS Units
3/26/20,14325,14325,14325,14325,Weekly,Residential,POS,Retail,US,All,No,No,US Residential Retail POS Units
4/2/20,14012,14012,14012,14012,Weekly,Residential,POS,Retail,US,All,No,No,US Residential Retail POS Units
4/9/20,14344,14344,14344,14344,Weekly,Residential,POS,Retail,US,All,No,No,US Residential Retail POS Units
4/16/20,18743,18743,18743,18743,Weekly,Residential,POS,Retail,US,All,No,No,US Residential Retail POS Units
4/23/20,20631,20631,20631,20631,Weekly,Residential,POS,Retail,US,All,No,No,US Residential Retail POS Units
4/30/20,,17283.42574,15835.82733,18731.02414,Weekly,Residential,POS,Retail,US,All,No,No,US Residential Retail POS Units
5/7/20,,16920.7446,14873.5313,18967.9579,Weekly,Residential,POS,Retail,US,All,No,No,US Residential Retail POS Units
5/14/20,,16584.23888,14076.92489,19091.55287,Weekly,Residential,POS,Retail,US,All,No,No,US Residential Retail POS Units
5/21/20,,16582.14775,13686.95094,19477.34457,Weekly,Residential,POS,Retail,US,All,No,No,US Residential Retail POS Units
5/28/20,,16784.97641,13548.04796,20021.90486,Weekly,Residential,POS,Retail,US,All,No,No,US Residential Retail POS Units
6/4/20,,16829.79943,13283.92198,20375.67689,Weekly,Residential,POS,Retail,US,All,No,No,US Residential Retail POS Units
6/11/20,,16590.28091,12760.29553,20420.2663,Weekly,Residential,POS,Retail,US,All,No,No,US Residential Retail POS Units
6/18/20,,16367.16175,12272.73514,20461.58835,Weekly,Residential,POS,Retail,US,All,No,No,US Residential Retail POS Units
6/25/20,,16558.70285,12215.90762,20901.49808,Weekly,Residential,POS,Retail,US,All,No,No,US Residential Retail POS Units
7/2/20,,17163.07224,12585.36413,21740.78035,Weekly,Residential,POS,Retail,US,All,No,No,US Residential Retail POS Units
7/9/20,,17681.60005,12880.45928,22482.74082,Weekly,Residential,POS,Retail,US,All,No,No,US Residential Retail POS Units
7/16/20,,17574.54374,12559.91576,22589.17173,Weekly,Residential,POS,Retail,US,All,No,No,US Residential Retail POS Units
7/23/20,,16817.14981,11597.75952,22036.5401,Weekly,Residential,POS,Retail,US,All,No,No,US Residential Retail POS Units
7/30/20,,15974.77275,10558.35547,21391.19003,Weekly,Residential,POS,Retail,US,All,No,No,US Residential Retail POS Units
1/3/19,6784,6784,6784,6784,Weekly,Residential,POS,Retail,US,Home Depot,No,No,US Residential Retail POS Units
1/10/19,6678,6678,6678,6678,Weekly,Residential,POS,Retail,US,Home Depot,No,No,US Residential Retail POS Units
1/17/19,6423,6423,6423,6423,Weekly,Residential,POS,Retail,US,Home Depot,No,No,US Residential Retail POS Units
1/24/19,6955,6955,6955,6955,Weekly,Residential,POS,Retail,US,Home Depot,No,No,US Residential Retail POS Units
1/31/19,7125,7125,7125,7125,Weekly,Residential,POS,Retail,US,Home Depot,No,No,US Residential Retail POS Units
2/7/19,7059,7059,7059,7059,Weekly,Residential,POS,Retail,US,Home Depot,No,No,US Residential Retail POS Units
2/14/19,6668,6668,6668,6668,Weekly,Residential,POS,Retail,US,Home Depot,No,No,US Residential Retail POS Units
2/21/19,7406,7406,7406,7406,Weekly,Residential,POS,Retail,US,Home Depot,No,No,US Residential Retail POS Units
2/28/19,7324,7324,7324,7324,Weekly,Residential,POS,Retail,US,Home Depot,No,No,US Residential Retail POS Units
3/7/19,7492,7492,7492,7492,Weekly,Residential,POS,Retail,US,Home Depot,No,No,US Residential Retail POS Units
3/14/19,7293,7293,7293,7293,Weekly,Residential,POS,Retail,US,Home Depot,No,No,US Residential Retail POS Units
3/21/19,7514,7514,7514,7514,Weekly,Residential,POS,Retail,US,Home Depot,No,No,US Residential Retail POS Units
3/28/19,7685,7685,7685,7685,Weekly,Residential,POS,Retail,US,Home Depot,No,No,US Residential Retail POS Units
4/4/19,7718,7718,7718,7718,Weekly,Residential,POS,Retail,US,Home Depot,No,No,US Residential Retail POS Units
4/11/19,8063,8063,8063,8063,Weekly,Residential,POS,Retail,US,Home Depot,No,No,US Residential Retail POS Units
4/18/19,7522,7522,7522,7522,Weekly,Residential,POS,Retail,US,Home Depot,No,No,US Residential Retail POS Units
4/25/19,8087,8087,8087,8087,Weekly,Residential,POS,Retail,US,Home Depot,No,No,US Residential Retail POS Units
5/2/19,8251,8251,8251,8251,Weekly,Residential,POS,Retail,US,Home Depot,No,No,US Residential Retail POS Units
5/9/19,7670,7670,7670,7670,Weekly,Residential,POS,Retail,US,Home Depot,No,No,US Residential Retail POS Units
5/16/19,8304,8304,8304,8304,Weekly,Residential,POS,Retail,US,Home Depot,No,No,US Residential Retail POS Units
5/23/19,8827,8827,8827,8827,Weekly,Residential,POS,Retail,US,Home Depot,No,No,US Residential Retail POS Units
5/30/19,9545,9545,9545,9545,Weekly,Residential,POS,Retail,US,Home Depot,No,No,US Residential Retail POS Units
6/6/19,9102,9102,9102,9102,Weekly,Residential,POS,Retail,US,Home Depot,No,No,US Residential Retail POS Units
6/13/19,9249,9249,9249,9249,Weekly,Residential,POS,Retail,US,Home Depot,No,No,US Residential Retail POS Units
6/20/19,8748,8748,8748,8748,Weekly,Residential,POS,Retail,US,Home Depot,No,No,US Residential Retail POS Units
6/27/19,8996,8996,8996,8996,Weekly,Residential,POS,Retail,US,Home Depot,No,No,US Residential Retail POS Units
7/4/19,8451,8451,8451,8451,Weekly,Residential,POS,Retail,US,Home Depot,No,No,US Residential Retail POS Units
7/11/19,8996,8996,8996,8996,Weekly,Residential,POS,Retail,US,Home Depot,No,No,US Residential Retail POS Units
7/18/19,9040,9040,9040,9040,Weekly,Residential,POS,Retail,US,Home Depot,No,No,US Residential Retail POS Units
7/25/19,9063,9063,9063,9063,Weekly,Residential,POS,Retail,US,Home Depot,No,No,US Residential Retail POS Units
8/1/19,9310,9310,9310,9310,Weekly,Residential,POS,Retail,US,Home Depot,No,No,US Residential Retail POS Units
8/8/19,12615,12615,12615,12615,Weekly,Residential,POS,Retail,US,Home Depot,No,No,US Residential Retail POS Units
8/15/19,9412,9412,9412,9412,Weekly,Residential,POS,Retail,US,Home Depot,No,No,US Residential Retail POS Units
8/22/19,7909,7909,7909,7909,Weekly,Residential,POS,Retail,US,Home Depot,No,No,US Residential Retail POS Units
8/29/19,7937,7937,7937,7937,Weekly,Residential,POS,Retail,US,Home Depot,No,No,US Residential Retail POS Units
9/5/19,7828,7828,7828,7828,Weekly,Residential,POS,Retail,US,Home Depot,No,No,US Residential Retail POS Units
9/12/19,7377,7377,7377,7377,Weekly,Residential,POS,Retail,US,Home Depot,No,No,US Residential Retail POS Units
9/19/19,8100,8100,8100,8100,Weekly,Residential,POS,Retail,US,Home Depot,No,No,US Residential Retail POS Units
9/26/19,8478,8478,8478,8478,Weekly,Residential,POS,Retail,US,Home Depot,No,No,US Residential Retail POS Units
10/3/19,8420,8420,8420,8420,Weekly,Residential,POS,Retail,US,Home Depot,No,No,US Residential Retail POS Units
10/10/19,7825,7825,7825,7825,Weekly,Residential,POS,Retail,US,Home Depot,No,No,US Residential Retail POS Units
10/17/19,7700,7700,7700,7700,Weekly,Residential,POS,Retail,US,Home Depot,No,No,US Residential Retail POS Units
10/24/19,8016,8016,8016,8016,Weekly,Residential,POS,Retail,US,Home Depot,No,No,US Residential Retail POS Units
10/31/19,8637,8637,8637,8637,Weekly,Residential,POS,Retail,US,Home Depot,No,No,US Residential Retail POS Units
11/7/19,9157,9157,9157,9157,Weekly,Residential,POS,Retail,US,Home Depot,No,No,US Residential Retail POS Units
11/14/19,9128,9128,9128,9128,Weekly,Residential,POS,Retail,US,Home Depot,No,No,US Residential Retail POS Units
11/21/19,8307,8307,8307,8307,Weekly,Residential,POS,Retail,US,Home Depot,No,No,US Residential Retail POS Units
11/28/19,9059,9059,9059,9059,Weekly,Residential,POS,Retail,US,Home Depot,No,No,US Residential Retail POS Units
12/5/19,8759,8759,8759,8759,Weekly,Residential,POS,Retail,US,Home Depot,No,No,US Residential Retail POS Units
12/12/19,8137,8137,8137,8137,Weekly,Residential,POS,Retail,US,Home Depot,No,No,US Residential Retail POS Units
12/19/19,8529,8529,8529,8529,Weekly,Residential,POS,Retail,US,Home Depot,No,No,US Residential Retail POS Units
12/26/19,7294,7294,7294,7294,Weekly,Residential,POS,Retail,US,Home Depot,No,No,US Residential Retail POS Units
1/2/20,7244,7244,7244,7244,Weekly,Residential,POS,Retail,US,Home Depot,No,No,US Residential Retail POS Units
1/9/20,7361,7361,7361,7361,Weekly,Residential,POS,Retail,US,Home Depot,No,No,US Residential Retail POS Units
1/16/20,7270,7270,7270,7270,Weekly,Residential,POS,Retail,US,Home Depot,No,No,US Residential Retail POS Units
1/23/20,7643,7643,7643,7643,Weekly,Residential,POS,Retail,US,Home Depot,No,No,US Residential Retail POS Units
1/30/20,7134,7134,7134,7134,Weekly,Residential,POS,Retail,US,Home Depot,No,No,US Residential Retail POS Units
2/6/20,6896,6896,6896,6896,Weekly,Residential,POS,Retail,US,Home Depot,No,No,US Residential Retail POS Units
2/13/20,6734,6734,6734,6734,Weekly,Residential,POS,Retail,US,Home Depot,No,No,US Residential Retail POS Units
2/20/20,6638,6638,6638,6638,Weekly,Residential,POS,Retail,US,Home Depot,No,No,US Residential Retail POS Units
2/27/20,7027,7027,7027,7027,Weekly,Residential,POS,Retail,US,Home Depot,No,No,US Residential Retail POS Units
3/5/20,8579,8579,8579,8579,Weekly,Residential,POS,Retail,US,Home Depot,No,No,US Residential Retail POS Units
3/12/20,8256,8256,8256,8256,Weekly,Residential,POS,Retail,US,Home Depot,No,No,US Residential Retail POS Units
3/19/20,7360,7360,7360,7360,Weekly,Residential,POS,Retail,US,Home Depot,No,No,US Residential Retail POS Units
3/26/20,6851,6851,6851,6851,Weekly,Residential,POS,Retail,US,Home Depot,No,No,US Residential Retail POS Units
4/2/20,6921,6921,6921,6921,Weekly,Residential,POS,Retail,US,Home Depot,No,No,US Residential Retail POS Units
4/9/20,7114,7114,7114,7114,Weekly,Residential,POS,Retail,US,Home Depot,No,No,US Residential Retail POS Units
4/16/20,8770,8770,8770,8770,Weekly,Residential,POS,Retail,US,Home Depot,No,No,US Residential Retail POS Units
4/23/20,9466,9466,9466,9466,Weekly,Residential,POS,Retail,US,Home Depot,No,No,US Residential Retail POS Units
4/30/20,,7715.24893,7108.685449,8321.812412,Weekly,Residential,POS,Retail,US,Home Depot,No,No,US Residential Retail POS Units
5/7/20,,7632.9569,6775.146598,8490.767201,Weekly,Residential,POS,Retail,US,Home Depot,No,No,US Residential Retail POS Units
5/14/20,,7668.85937,6618.260602,8719.458138,Weekly,Residential,POS,Retail,US,Home Depot,No,No,US Residential Retail POS Units
5/21/20,,7788.254901,6575.127938,9001.381864,Weekly,Residential,POS,Retail,US,Home Depot,No,No,US Residential Retail POS Units
5/28/20,,7865.490366,6509.173189,9221.807543,Weekly,Residential,POS,Retail,US,Home Depot,No,No,US Residential Retail POS Units
6/4/20,,7828.319466,6342.548439,9314.090492,Weekly,Residential,POS,Retail,US,Home Depot,No,No,US Residential Retail POS Units
6/11/20,,7727.889384,6123.073258,9332.70551,Weekly,Residential,POS,Retail,US,Home Depot,No,No,US Residential Retail POS Units
6/18/20,,7666.977273,5951.356669,9382.597877,Weekly,Residential,POS,Retail,US,Home Depot,No,No,US Residential Retail POS Units
6/25/20,,7684.715228,5865.024783,9504.405672,Weekly,Residential,POS,Retail,US,Home Depot,No,No,US Residential Retail POS Units
7/2/20,,7738.208983,5820.086837,9656.33113,Weekly,Residential,POS,Retail,US,Home Depot,No,No,US Residential Retail POS Units
7/9/20,,7792.817106,5781.073627,9804.560586,Weekly,Residential,POS,Retail,US,Home Depot,No,No,US Residential Retail POS Units
7/16/20,,7889.588544,5788.391008,9990.78608,Weekly,Residential,POS,Retail,US,Home Depot,No,No,US Residential Retail POS Units
7/23/20,,8080.557506,5893.561772,10267.55324,Weekly,Residential,POS,Retail,US,Home Depot,No,No,US Residential Retail POS Units
7/30/20,,8295.995535,6026.442803,10565.54827,Weekly,Residential,POS,Retail,US,Home Depot,No,No,US Residential Retail POS Units
1/3/19,5850,5850,5850,5850,Weekly,Residential,POS,Retail,US,Lowes,No,No,US Residential Retail POS Units
1/10/19,6344,6344,6344,6344,Weekly,Residential,POS,Retail,US,Lowes,No,No,US Residential Retail POS Units
1/17/19,5412,5412,5412,5412,Weekly,Residential,POS,Retail,US,Lowes,No,No,US Residential Retail POS Units
1/24/19,5670,5670,5670,5670,Weekly,Residential,POS,Retail,US,Lowes,No,No,US Residential Retail POS Units
1/31/19,5624,5624,5624,5624,Weekly,Residential,POS,Retail,US,Lowes,No,No,US Residential Retail POS Units
2/7/19,5612,5612,5612,5612,Weekly,Residential,POS,Retail,US,Lowes,No,No,US Residential Retail POS Units
2/14/19,5642,5642,5642,5642,Weekly,Residential,POS,Retail,US,Lowes,No,No,US Residential Retail POS Units
2/21/19,5888,5888,5888,5888,Weekly,Residential,POS,Retail,US,Lowes,No,No,US Residential Retail POS Units
2/28/19,6339,6339,6339,6339,Weekly,Residential,POS,Retail,US,Lowes,No,No,US Residential Retail POS Units
3/7/19,5859,5859,5859,5859,Weekly,Residential,POS,Retail,US,Lowes,No,No,US Residential Retail POS Units
3/14/19,6169,6169,6169,6169,Weekly,Residential,POS,Retail,US,Lowes,No,No,US Residential Retail POS Units
3/21/19,6707,6707,6707,6707,Weekly,Residential,POS,Retail,US,Lowes,No,No,US Residential Retail POS Units
3/28/19,5841,5841,5841,5841,Weekly,Residential,POS,Retail,US,Lowes,No,No,US Residential Retail POS Units
4/4/19,5894,5894,5894,5894,Weekly,Residential,POS,Retail,US,Lowes,No,No,US Residential Retail POS Units
4/11/19,6117,6117,6117,6117,Weekly,Residential,POS,Retail,US,Lowes,No,No,US Residential Retail POS Units
4/18/19,6180,6180,6180,6180,Weekly,Residential,POS,Retail,US,Lowes,No,No,US Residential Retail POS Units
4/25/19,5761,5761,5761,5761,Weekly,Residential,POS,Retail,US,Lowes,No,No,US Residential Retail POS Units
5/2/19,5972,5972,5972,5972,Weekly,Residential,POS,Retail,US,Lowes,No,No,US Residential Retail POS Units
5/9/19,5678,5678,5678,5678,Weekly,Residential,POS,Retail,US,Lowes,No,No,US Residential Retail POS Units
5/16/19,5575,5575,5575,5575,Weekly,Residential,POS,Retail,US,Lowes,No,No,US Residential Retail POS Units
5/23/19,5596,5596,5596,5596,Weekly,Residential,POS,Retail,US,Lowes,No,No,US Residential Retail POS Units
5/30/19,5158,5158,5158,5158,Weekly,Residential,POS,Retail,US,Lowes,No,No,US Residential Retail POS Units
6/6/19,5568,5568,5568,5568,Weekly,Residential,POS,Retail,US,Lowes,No,No,US Residential Retail POS Units
6/13/19,5874,5874,5874,5874,Weekly,Residential,POS,Retail,US,Lowes,No,No,US Residential Retail POS Units
6/20/19,5689,5689,5689,5689,Weekly,Residential,POS,Retail,US,Lowes,No,No,US Residential Retail POS Units
6/27/19,6234,6234,6234,6234,Weekly,Residential,POS,Retail,US,Lowes,No,No,US Residential Retail POS Units
7/4/19,7941,7941,7941,7941,Weekly,Residential,POS,Retail,US,Lowes,No,No,US Residential Retail POS Units
7/11/19,8634,8634,8634,8634,Weekly,Residential,POS,Retail,US,Lowes,No,No,US Residential Retail POS Units
7/18/19,6894,6894,6894,6894,Weekly,Residential,POS,Retail,US,Lowes,No,No,US Residential Retail POS Units
7/25/19,5208,5208,5208,5208,Weekly,Residential,POS,Retail,US,Lowes,No,No,US Residential Retail POS Units
8/1/19,5992,5992,5992,5992,Weekly,Residential,POS,Retail,US,Lowes,No,No,US Residential Retail POS Units
8/8/19,4913,4913,4913,4913,Weekly,Residential,POS,Retail,US,Lowes,No,No,US Residential Retail POS Units
8/15/19,6368,6368,6368,6368,Weekly,Residential,POS,Retail,US,Lowes,No,No,US Residential Retail POS Units
8/22/19,6373,6373,6373,6373,Weekly,Residential,POS,Retail,US,Lowes,No,No,US Residential Retail POS Units
8/29/19,10802,10802,10802,10802,Weekly,Residential,POS,Retail,US,Lowes,No,No,US Residential Retail POS Units
9/5/19,8023,8023,8023,8023,Weekly,Residential,POS,Retail,US,Lowes,No,No,US Residential Retail POS Units
9/12/19,6689,6689,6689,6689,Weekly,Residential,POS,Retail,US,Lowes,No,No,US Residential Retail POS Units
9/19/19,6352,6352,6352,6352,Weekly,Residential,POS,Retail,US,Lowes,No,No,US Residential Retail POS Units
9/26/19,5713,5713,5713,5713,Weekly,Residential,POS,Retail,US,Lowes,No,No,US Residential Retail POS Units
10/3/19,5966,5966,5966,5966,Weekly,Residential,POS,Retail,US,Lowes,No,No,US Residential Retail POS Units
10/10/19,6330,6330,6330,6330,Weekly,Residential,POS,Retail,US,Lowes,No,No,US Residential Retail POS Units
10/17/19,6285,6285,6285,6285,Weekly,Residential,POS,Retail,US,Lowes,No,No,US Residential Retail POS Units
10/24/19,6311,6311,6311,6311,Weekly,Residential,POS,Retail,US,Lowes,No,No,US Residential Retail POS Units
10/31/19,6515,6515,6515,6515,Weekly,Residential,POS,Retail,US,Lowes,No,No,US Residential Retail POS Units
11/7/19,7067,7067,7067,7067,Weekly,Residential,POS,Retail,US,Lowes,No,No,US Residential Retail POS Units
11/14/19,7003,7003,7003,7003,Weekly,Residential,POS,Retail,US,Lowes,No,No,US Residential Retail POS Units
11/21/19,6517,6517,6517,6517,Weekly,Residential,POS,Retail,US,Lowes,No,No,US Residential Retail POS Units
11/28/19,6457,6457,6457,6457,Weekly,Residential,POS,Retail,US,Lowes,No,No,US Residential Retail POS Units
12/5/19,6174,6174,6174,6174,Weekly,Residential,POS,Retail,US,Lowes,No,No,US Residential Retail POS Units
12/12/19,6487,6487,6487,6487,Weekly,Residential,POS,Retail,US,Lowes,No,No,US Residential Retail POS Units
12/19/19,6934,6934,6934,6934,Weekly,Residential,POS,Retail,US,Lowes,No,No,US Residential Retail POS Units
12/26/19,7094,7094,7094,7094,Weekly,Residential,POS,Retail,US,Lowes,No,No,US Residential Retail POS Units
1/2/20,6118,6118,6118,6118,Weekly,Residential,POS,Retail,US,Lowes,No,No,US Residential Retail POS Units
1/9/20,8093,8093,8093,8093,Weekly,Residential,POS,Retail,US,Lowes,No,No,US Residential Retail POS Units
1/16/20,5839,5839,5839,5839,Weekly,Residential,POS,Retail,US,Lowes,No,No,US Residential Retail POS Units
1/23/20,5602,5602,5602,5602,Weekly,Residential,POS,Retail,US,Lowes,No,No,US Residential Retail POS Units
1/30/20,5215,5215,5215,5215,Weekly,Residential,POS,Retail,US,Lowes,No,No,US Residential Retail POS Units
2/6/20,4848,4848,4848,4848,Weekly,Residential,POS,Retail,US,Lowes,No,No,US Residential Retail POS Units
2/13/20,5305,5305,5305,5305,Weekly,Residential,POS,Retail,US,Lowes,No,No,US Residential Retail POS Units
2/20/20,5490,5490,5490,5490,Weekly,Residential,POS,Retail,US,Lowes,No,No,US Residential Retail POS Units
2/27/20,5652,5652,5652,5652,Weekly,Residential,POS,Retail,US,Lowes,No,No,US Residential Retail POS Units
3/5/20,6199,6199,6199,6199,Weekly,Residential,POS,Retail,US,Lowes,No,No,US Residential Retail POS Units
3/12/20,5885,5885,5885,5885,Weekly,Residential,POS,Retail,US,Lowes,No,No,US Residential Retail POS Units
3/19/20,5636,5636,5636,5636,Weekly,Residential,POS,Retail,US,Lowes,No,No,US Residential Retail POS Units
3/26/20,4509,4509,4509,4509,Weekly,Residential,POS,Retail,US,Lowes,No,No,US Residential Retail POS Units
4/2/20,4889,4889,4889,4889,Weekly,Residential,POS,Retail,US,Lowes,No,No,US Residential Retail POS Units
4/9/20,5114,5114,5114,5114,Weekly,Residential,POS,Retail,US,Lowes,No,No,US Residential Retail POS Units
4/16/20,5769,5769,5769,5769,Weekly,Residential,POS,Retail,US,Lowes,No,No,US Residential Retail POS Units
4/23/20,7282,7282,7282,7282,Weekly,Residential,POS,Retail,US,Lowes,No,No,US Residential Retail POS Units
4/30/20,,6152.692659,5318.326528,6987.05879,Weekly,Residential,POS,Retail,US,Lowes,No,No,US Residential Retail POS Units
5/7/20,,6039.355705,4859.383806,7219.327603,Weekly,Residential,POS,Retail,US,Lowes,No,No,US Residential Retail POS Units
5/14/20,,6039.949051,4594.78452,7485.113582,Weekly,Residential,POS,Retail,US,Lowes,No,No,US Residential Retail POS Units
5/21/20,,6230.126178,4561.393916,7898.85844,Weekly,Residential,POS,Retail,US,Lowes,No,No,US Residential Retail POS Units
5/28/20,,6426.499125,4560.799738,8292.198512,Weekly,Residential,POS,Retail,US,Lowes,No,No,US Residential Retail POS Units
6/4/20,,6399.13211,4355.36083,8442.903389,Weekly,Residential,POS,Retail,US,Lowes,No,No,US Residential Retail POS Units
6/11/20,,6164.935082,3957.409797,8372.460367,Weekly,Residential,POS,Retail,US,Lowes,No,No,US Residential Retail POS Units
6/18/20,,6020.37267,3660.428873,8380.316467,Weekly,Residential,POS,Retail,US,Lowes,No,No,US Residential Retail POS Units
6/25/20,,6236.692009,3733.593616,8739.790402,Weekly,Residential,POS,Retail,US,Lowes,No,No,US Residential Retail POS Units
7/2/20,,6718.858559,4080.361183,9357.355936,Weekly,Residential,POS,Retail,US,Lowes,No,No,US Residential Retail POS Units
7/9/20,,7009.065211,4241.785816,9776.344605,Weekly,Residential,POS,Retail,US,Lowes,No,No,US Residential Retail POS Units
7/16/20,,6687.55578,3797.226718,9577.884842,Weekly,Residential,POS,Retail,US,Lowes,No,No,US Residential Retail POS Units
7/23/20,,5811.021097,2802.671229,8819.370965,Weekly,Residential,POS,Retail,US,Lowes,No,No,US Residential Retail POS Units
7/30/20,,4956.664113,1834.751916,8078.57631,Weekly,Residential,POS,Retail,US,Lowes,No,No,US Residential Retail POS Units
1/31/17,93566,93566,93566,93566,Monthly,Residential,POS,Retail,US,All,Real GDP,JP Morgan,US Residential Retail POS Units
2/28/17,72827,72827,72827,72827,Monthly,Residential,POS,Retail,US,All,Real GDP,JP Morgan,US Residential Retail POS Units
3/31/17,72739,72739,72739,72739,Monthly,Residential,POS,Retail,US,All,Real GDP,JP Morgan,US Residential Retail POS Units
4/30/17,88084,88084,88084,88084,Monthly,Residential,POS,Retail,US,All,Real GDP,JP Morgan,US Residential Retail POS Units
5/31/17,70964,70964,70964,70964,Monthly,Residential,POS,Retail,US,All,Real GDP,JP Morgan,US Residential Retail POS Units
6/30/17,71944,71944,71944,71944,Monthly,Residential,POS,Retail,US,All,Real GDP,JP Morgan,US Residential Retail POS Units
7/31/17,92300,92300,92300,92300,Monthly,Residential,POS,Retail,US,All,Real GDP,JP Morgan,US Residential Retail POS Units
8/31/17,71424,71424,71424,71424,Monthly,Residential,POS,Retail,US,All,Real GDP,JP Morgan,US Residential Retail POS Units
9/30/17,75292,75292,75292,75292,Monthly,Residential,POS,Retail,US,All,Real GDP,JP Morgan,US Residential Retail POS Units
10/31/17,100735,100735,100735,100735,Monthly,Residential,POS,Retail,US,All,Real GDP,JP Morgan,US Residential Retail POS Units
11/30/17,93614,93614,93614,93614,Monthly,Residential,POS,Retail,US,All,Real GDP,JP Morgan,US Residential Retail POS Units
12/31/17,85298,85298,85298,85298,Monthly,Residential,POS,Retail,US,All,Real GDP,JP Morgan,US Residential Retail POS Units
1/31/18,99909,99909,99909,99909,Monthly,Residential,POS,Retail,US,All,Real GDP,JP Morgan,US Residential Retail POS Units
2/28/18,78112,78112,78112,78112,Monthly,Residential,POS,Retail,US,All,Real GDP,JP Morgan,US Residential Retail POS Units
3/31/18,76399,76399,76399,76399,Monthly,Residential,POS,Retail,US,All,Real GDP,JP Morgan,US Residential Retail POS Units
4/30/18,92052,92052,92052,92052,Monthly,Residential,POS,Retail,US,All,Real GDP,JP Morgan,US Residential Retail POS Units
5/31/18,77833,77833,77833,77833,Monthly,Residential,POS,Retail,US,All,Real GDP,JP Morgan,US Residential Retail POS Units
6/30/18,73679,73679,73679,73679,Monthly,Residential,POS,Retail,US,All,Real GDP,JP Morgan,US Residential Retail POS Units
7/31/18,95866,95866,95866,95866,Monthly,Residential,POS,Retail,US,All,Real GDP,JP Morgan,US Residential Retail POS Units
8/31/18,75560,75560,75560,75560,Monthly,Residential,POS,Retail,US,All,Real GDP,JP Morgan,US Residential Retail POS Units
9/30/18,83515,83515,83515,83515,Monthly,Residential,POS,Retail,US,All,Real GDP,JP Morgan,US Residential Retail POS Units
10/31/18,100005,100005,100005,100005,Monthly,Residential,POS,Retail,US,All,Real GDP,JP Morgan,US Residential Retail POS Units
11/30/18,91870,91870,91870,91870,Monthly,Residential,POS,Retail,US,All,Real GDP,JP Morgan,US Residential Retail POS Units
12/31/18,76926,76926,76926,76926,Monthly,Residential,POS,Retail,US,All,Real GDP,JP Morgan,US Residential Retail POS Units
1/31/19,88145,88145,88145,88145,Monthly,Residential,POS,Retail,US,All,Real GDP,JP Morgan,US Residential Retail POS Units
2/28/19,72071,72071,72071,72071,Monthly,Residential,POS,Retail,US,All,Real GDP,JP Morgan,US Residential Retail POS Units
3/31/19,75675,75675,75675,75675,Monthly,Residential,POS,Retail,US,All,Real GDP,JP Morgan,US Residential Retail POS Units
4/30/19,92553,92553,92553,92553,Monthly,Residential,POS,Retail,US,All,Real GDP,JP Morgan,US Residential Retail POS Units
5/31/19,75034,75034,75034,75034,Monthly,Residential,POS,Retail,US,All,Real GDP,JP Morgan,US Residential Retail POS Units
6/30/19,76492,76492,76492,76492,Monthly,Residential,POS,Retail,US,All,Real GDP,JP Morgan,US Residential Retail POS Units
7/31/19,102323,102323,102323,102323,Monthly,Residential,POS,Retail,US,All,Real GDP,JP Morgan,US Residential Retail POS Units
8/31/19,83479,83479,83479,83479,Monthly,Residential,POS,Retail,US,All,Real GDP,JP Morgan,US Residential Retail POS Units
9/30/19,77843,77843,77843,77843,Monthly,Residential,POS,Retail,US,All,Real GDP,JP Morgan,US Residential Retail POS Units
10/31/19,101031,101031,101031,101031,Monthly,Residential,POS,Retail,US,All,Real GDP,JP Morgan,US Residential Retail POS Units
11/30/19,93781,93781,93781,93781,Monthly,Residential,POS,Retail,US,All,Real GDP,JP Morgan,US Residential Retail POS Units
12/31/19,80630,80630,80630,80630,Monthly,Residential,POS,Retail,US,All,Real GDP,JP Morgan,US Residential Retail POS Units
1/31/20,85746,85746,85746,85746,Monthly,Residential,POS,Retail,US,All,Real GDP,JP Morgan,US Residential Retail POS Units
2/29/20,63730,63730,63730,63730,Monthly,Residential,POS,Retail,US,All,Real GDP,JP Morgan,US Residential Retail POS Units
3/31/20,65386,65386,65386,65386,Monthly,Residential,POS,Retail,US,All,Real GDP,JP Morgan,US Residential Retail POS Units
4/30/20,,74895.42459,69132.30709,80658.54209,Monthly,Residential,POS,Retail,US,All,Real GDP,JP Morgan,US Residential Retail POS Units
5/31/20,,54126.71409,45976.43516,62276.99302,Monthly,Residential,POS,Retail,US,All,Real GDP,JP Morgan,US Residential Retail POS Units
6/30/20,,57522.30702,47540.2947,67504.31934,Monthly,Residential,POS,Retail,US,All,Real GDP,JP Morgan,US Residential Retail POS Units
7/31/20,,72173.76464,60647.52963,83699.99964,Monthly,Residential,POS,Retail,US,All,Real GDP,JP Morgan,US Residential Retail POS Units
8/31/20,,60657.74549,47771.023,73544.46798,Monthly,Residential,POS,Retail,US,All,Real GDP,JP Morgan,US Residential Retail POS Units
9/30/20,,62452.28301,48335.5858,76568.98021,Monthly,Residential,POS,Retail,US,All,Real GDP,JP Morgan,US Residential Retail POS Units
10/31/20,,84128.06066,68880.28497,99375.83634,Monthly,Residential,POS,Retail,US,All,Real GDP,JP Morgan,US Residential Retail POS Units
11/30/20,,88896.74268,72596.18482,105197.3005,Monthly,Residential,POS,Retail,US,All,Real GDP,JP Morgan,US Residential Retail POS Units
12/31/20,,73570.77011,56281.41761,90860.12261,Monthly,Residential,POS,Retail,US,All,Real GDP,JP Morgan,US Residential Retail POS Units
1/31/17,93566,93566,93566,93566,Monthly,Residential,POS,Retail,US,All,Real GDP,Goldman Sachs,US Residential Retail POS Units
2/28/17,72827,72827,72827,72827,Monthly,Residential,POS,Retail,US,All,Real GDP,Goldman Sachs,US Residential Retail POS Units
3/31/17,72739,72739,72739,72739,Monthly,Residential,POS,Retail,US,All,Real GDP,Goldman Sachs,US Residential Retail POS Units
4/30/17,88084,88084,88084,88084,Monthly,Residential,POS,Retail,US,All,Real GDP,Goldman Sachs,US Residential Retail POS Units
5/31/17,70964,70964,70964,70964,Monthly,Residential,POS,Retail,US,All,Real GDP,Goldman Sachs,US Residential Retail POS Units
6/30/17,71944,71944,71944,71944,Monthly,Residential,POS,Retail,US,All,Real GDP,Goldman Sachs,US Residential Retail POS Units
7/31/17,92300,92300,92300,92300,Monthly,Residential,POS,Retail,US,All,Real GDP,Goldman Sachs,US Residential Retail POS Units
8/31/17,71424,71424,71424,71424,Monthly,Residential,POS,Retail,US,All,Real GDP,Goldman Sachs,US Residential Retail POS Units
9/30/17,75292,75292,75292,75292,Monthly,Residential,POS,Retail,US,All,Real GDP,Goldman Sachs,US Residential Retail POS Units
10/31/17,100735,100735,100735,100735,Monthly,Residential,POS,Retail,US,All,Real GDP,Goldman Sachs,US Residential Retail POS Units
11/30/17,93614,93614,93614,93614,Monthly,Residential,POS,Retail,US,All,Real GDP,Goldman Sachs,US Residential Retail POS Units
12/31/17,85298,85298,85298,85298,Monthly,Residential,POS,Retail,US,All,Real GDP,Goldman Sachs,US Residential Retail POS Units
1/31/18,99909,99909,99909,99909,Monthly,Residential,POS,Retail,US,All,Real GDP,Goldman Sachs,US Residential Retail POS Units
2/28/18,78112,78112,78112,78112,Monthly,Residential,POS,Retail,US,All,Real GDP,Goldman Sachs,US Residential Retail POS Units
3/31/18,76399,76399,76399,76399,Monthly,Residential,POS,Retail,US,All,Real GDP,Goldman Sachs,US Residential Retail POS Units
4/30/18,92052,92052,92052,92052,Monthly,Residential,POS,Retail,US,All,Real GDP,Goldman Sachs,US Residential Retail POS Units
5/31/18,77833,77833,77833,77833,Monthly,Residential,POS,Retail,US,All,Real GDP,Goldman Sachs,US Residential Retail POS Units
6/30/18,73679,73679,73679,73679,Monthly,Residential,POS,Retail,US,All,Real GDP,Goldman Sachs,US Residential Retail POS Units
7/31/18,95866,95866,95866,95866,Monthly,Residential,POS,Retail,US,All,Real GDP,Goldman Sachs,US Residential Retail POS Units
8/31/18,75560,75560,75560,75560,Monthly,Residential,POS,Retail,US,All,Real GDP,Goldman Sachs,US Residential Retail POS Units
9/30/18,83515,83515,83515,83515,Monthly,Residential,POS,Retail,US,All,Real GDP,Goldman Sachs,US Residential Retail POS Units
10/31/18,100005,100005,100005,100005,Monthly,Residential,POS,Retail,US,All,Real GDP,Goldman Sachs,US Residential Retail POS Units
11/30/18,91870,91870,91870,91870,Monthly,Residential,POS,Retail,US,All,Real GDP,Goldman Sachs,US Residential Retail POS Units
12/31/18,76926,76926,76926,76926,Monthly,Residential,POS,Retail,US,All,Real GDP,Goldman Sachs,US Residential Retail POS Units
1/31/19,88145,88145,88145,88145,Monthly,Residential,POS,Retail,US,All,Real GDP,Goldman Sachs,US Residential Retail POS Units
2/28/19,72071,72071,72071,72071,Monthly,Residential,POS,Retail,US,All,Real GDP,Goldman Sachs,US Residential Retail POS Units
3/31/19,75675,75675,75675,75675,Monthly,Residential,POS,Retail,US,All,Real GDP,Goldman Sachs,US Residential Retail POS Units
4/30/19,92553,92553,92553,92553,Monthly,Residential,POS,Retail,US,All,Real GDP,Goldman Sachs,US Residential Retail POS Units
5/31/19,75034,75034,75034,75034,Monthly,Residential,POS,Retail,US,All,Real GDP,Goldman Sachs,US Residential Retail POS Units
6/30/19,76492,76492,76492,76492,Monthly,Residential,POS,Retail,US,All,Real GDP,Goldman Sachs,US Residential Retail POS Units
7/31/19,102323,102323,102323,102323,Monthly,Residential,POS,Retail,US,All,Real GDP,Goldman Sachs,US Residential Retail POS Units
8/31/19,83479,83479,83479,83479,Monthly,Residential,POS,Retail,US,All,Real GDP,Goldman Sachs,US Residential Retail POS Units
9/30/19,77843,77843,77843,77843,Monthly,Residential,POS,Retail,US,All,Real GDP,Goldman Sachs,US Residential Retail POS Units
10/31/19,101031,101031,101031,101031,Monthly,Residential,POS,Retail,US,All,Real GDP,Goldman Sachs,US Residential Retail POS Units
11/30/19,93781,93781,93781,93781,Monthly,Residential,POS,Retail,US,All,Real GDP,Goldman Sachs,US Residential Retail POS Units
12/31/19,80630,80630,80630,80630,Monthly,Residential,POS,Retail,US,All,Real GDP,Goldman Sachs,US Residential Retail POS Units
1/31/20,85746,85746,85746,85746,Monthly,Residential,POS,Retail,US,All,Real GDP,Goldman Sachs,US Residential Retail POS Units
2/29/20,63730,63730,63730,63730,Monthly,Residential,POS,Retail,US,All,Real GDP,Goldman Sachs,US Residential Retail POS Units
3/31/20,65386,65386,65386,65386,Monthly,Residential,POS,Retail,US,All,Real GDP,Goldman Sachs,US Residential Retail POS Units
4/30/20,,77155.78268,71394.02499,82917.54037,Monthly,Residential,POS,Retail,US,All,Real GDP,Goldman Sachs,US Residential Retail POS Units
5/31/20,,56386.52071,48238.16484,64534.87658,Monthly,Residential,POS,Retail,US,All,Real GDP,Goldman Sachs,US Residential Retail POS Units
6/30/20,,59672.39712,49692.74006,69652.05418,Monthly,Residential,POS,Retail,US,All,Real GDP,Goldman Sachs,US Residential Retail POS Units
7/31/20,,73741.64214,62218.12676,85265.15753,Monthly,Residential,POS,Retail,US,All,Real GDP,Goldman Sachs,US Residential Retail POS Units
8/31/20,,62314.30881,49430.62694,75197.99068,Monthly,Residential,POS,Retail,US,All,Real GDP,Goldman Sachs,US Residential Retail POS Units
9/30/20,,64008.58962,49895.22325,78121.95598,Monthly,Residential,POS,Retail,US,All,Real GDP,Goldman Sachs,US Residential Retail POS Units
10/31/20,,85324.46258,70080.28461,100568.6405,Monthly,Residential,POS,Retail,US,All,Real GDP,Goldman Sachs,US Residential Retail POS Units
11/30/20,,90395.92168,74099.20994,106692.6334,Monthly,Residential,POS,Retail,US,All,Real GDP,Goldman Sachs,US Residential Retail POS Units
12/31/20,,74941.85507,57656.582,92227.12815,Monthly,Residential,POS,Retail,US,All,Real GDP,Goldman Sachs,US Residential Retail POS Units
1/31/17,93566,93566,93566,93566,Monthly,Residential,POS,Retail,US,All,Real GDP,Deutche Bank,US Residential Retail POS Units
2/28/17,72827,72827,72827,72827,Monthly,Residential,POS,Retail,US,All,Real GDP,Deutche Bank,US Residential Retail POS Units
3/31/17,72739,72739,72739,72739,Monthly,Residential,POS,Retail,US,All,Real GDP,Deutche Bank,US Residential Retail POS Units
4/30/17,88084,88084,88084,88084,Monthly,Residential,POS,Retail,US,All,Real GDP,Deutche Bank,US Residential Retail POS Units
5/31/17,70964,70964,70964,70964,Monthly,Residential,POS,Retail,US,All,Real GDP,Deutche Bank,US Residential Retail POS Units
6/30/17,71944,71944,71944,71944,Monthly,Residential,POS,Retail,US,All,Real GDP,Deutche Bank,US Residential Retail POS Units
7/31/17,92300,92300,92300,92300,Monthly,Residential,POS,Retail,US,All,Real GDP,Deutche Bank,US Residential Retail POS Units
8/31/17,71424,71424,71424,71424,Monthly,Residential,POS,Retail,US,All,Real GDP,Deutche Bank,US Residential Retail POS Units
9/30/17,75292,75292,75292,75292,Monthly,Residential,POS,Retail,US,All,Real GDP,Deutche Bank,US Residential Retail POS Units
10/31/17,100735,100735,100735,100735,Monthly,Residential,POS,Retail,US,All,Real GDP,Deutche Bank,US Residential Retail POS Units
11/30/17,93614,93614,93614,93614,Monthly,Residential,POS,Retail,US,All,Real GDP,Deutche Bank,US Residential Retail POS Units
12/31/17,85298,85298,85298,85298,Monthly,Residential,POS,Retail,US,All,Real GDP,Deutche Bank,US Residential Retail POS Units
1/31/18,99909,99909,99909,99909,Monthly,Residential,POS,Retail,US,All,Real GDP,Deutche Bank,US Residential Retail POS Units
2/28/18,78112,78112,78112,78112,Monthly,Residential,POS,Retail,US,All,Real GDP,Deutche Bank,US Residential Retail POS Units
3/31/18,76399,76399,76399,76399,Monthly,Residential,POS,Retail,US,All,Real GDP,Deutche Bank,US Residential Retail POS Units
4/30/18,92052,92052,92052,92052,Monthly,Residential,POS,Retail,US,All,Real GDP,Deutche Bank,US Residential Retail POS Units
5/31/18,77833,77833,77833,77833,Monthly,Residential,POS,Retail,US,All,Real GDP,Deutche Bank,US Residential Retail POS Units
6/30/18,73679,73679,73679,73679,Monthly,Residential,POS,Retail,US,All,Real GDP,Deutche Bank,US Residential Retail POS Units
7/31/18,95866,95866,95866,95866,Monthly,Residential,POS,Retail,US,All,Real GDP,Deutche Bank,US Residential Retail POS Units
8/31/18,75560,75560,75560,75560,Monthly,Residential,POS,Retail,US,All,Real GDP,Deutche Bank,US Residential Retail POS Units
9/30/18,83515,83515,83515,83515,Monthly,Residential,POS,Retail,US,All,Real GDP,Deutche Bank,US Residential Retail POS Units
10/31/18,100005,100005,100005,100005,Monthly,Residential,POS,Retail,US,All,Real GDP,Deutche Bank,US Residential Retail POS Units
11/30/18,91870,91870,91870,91870,Monthly,Residential,POS,Retail,US,All,Real GDP,Deutche Bank,US Residential Retail POS Units
12/31/18,76926,76926,76926,76926,Monthly,Residential,POS,Retail,US,All,Real GDP,Deutche Bank,US Residential Retail POS Units
1/31/19,88145,88145,88145,88145,Monthly,Residential,POS,Retail,US,All,Real GDP,Deutche Bank,US Residential Retail POS Units
2/28/19,72071,72071,72071,72071,Monthly,Residential,POS,Retail,US,All,Real GDP,Deutche Bank,US Residential Retail POS Units
3/31/19,75675,75675,75675,75675,Monthly,Residential,POS,Retail,US,All,Real GDP,Deutche Bank,US Residential Retail POS Units
4/30/19,92553,92553,92553,92553,Monthly,Residential,POS,Retail,US,All,Real GDP,Deutche Bank,US Residential Retail POS Units
5/31/19,75034,75034,75034,75034,Monthly,Residential,POS,Retail,US,All,Real GDP,Deutche Bank,US Residential Retail POS Units
6/30/19,76492,76492,76492,76492,Monthly,Residential,POS,Retail,US,All,Real GDP,Deutche Bank,US Residential Retail POS Units
7/31/19,102323,102323,102323,102323,Monthly,Residential,POS,Retail,US,All,Real GDP,Deutche Bank,US Residential Retail POS Units
8/31/19,83479,83479,83479,83479,Monthly,Residential,POS,Retail,US,All,Real GDP,Deutche Bank,US Residential Retail POS Units
9/30/19,77843,77843,77843,77843,Monthly,Residential,POS,Retail,US,All,Real GDP,Deutche Bank,US Residential Retail POS Units
10/31/19,101031,101031,101031,101031,Monthly,Residential,POS,Retail,US,All,Real GDP,Deutche Bank,US Residential Retail POS Units
11/30/19,93781,93781,93781,93781,Monthly,Residential,POS,Retail,US,All,Real GDP,Deutche Bank,US Residential Retail POS Units
12/31/19,80630,80630,80630,80630,Monthly,Residential,POS,Retail,US,All,Real GDP,Deutche Bank,US Residential Retail POS Units
1/31/20,85746,85746,85746,85746,Monthly,Residential,POS,Retail,US,All,Real GDP,Deutche Bank,US Residential Retail POS Units
2/29/20,63730,63730,63730,63730,Monthly,Residential,POS,Retail,US,All,Real GDP,Deutche Bank,US Residential Retail POS Units
3/31/20,65386,65386,65386,65386,Monthly,Residential,POS,Retail,US,All,Real GDP,Deutche Bank,US Residential Retail POS Units
4/30/20,,79158.94693,73398.11224,84919.78163,Monthly,Residential,POS,Retail,US,All,Real GDP,Deutche Bank,US Residential Retail POS Units
5/31/20,,58230.22481,50083.17425,66377.27537,Monthly,Residential,POS,Retail,US,All,Real GDP,Deutche Bank,US Residential Retail POS Units
6/30/20,,61653.29628,51675.23789,71631.35466,Monthly,Residential,POS,Retail,US,All,Real GDP,Deutche Bank,US Residential Retail POS Units
7/31/20,,75798.8819,64277.2125,87320.55129,Monthly,Residential,POS,Retail,US,All,Real GDP,Deutche Bank,US Residential Retail POS Units
8/31/20,,64186.5622,51304.94421,77068.18019,Monthly,Residential,POS,Retail,US,All,Real GDP,Deutche Bank,US Residential Retail POS Units
9/30/20,,66047.20019,51936.09469,80158.30569,Monthly,Residential,POS,Retail,US,All,Real GDP,Deutche Bank,US Residential Retail POS Units
10/31/20,,87669.41294,72427.67699,102911.1489,Monthly,Residential,POS,Retail,US,All,Real GDP,Deutche Bank,US Residential Retail POS Units
11/30/20,,92468.30952,76174.2084,108762.4106,Monthly,Residential,POS,Retail,US,All,Real GDP,Deutche Bank,US Residential Retail POS Units
12/31/20,,77113.01445,59830.51036,94395.51854,Monthly,Residential,POS,Retail,US,All,Real GDP,Deutche Bank,US Residential Retail POS Units
1/31/17,93566,93566,93566,93566,Monthly,Residential,POS,Retail,US,All,Real GDP,Morgan Stanley,US Residential Retail POS Units
2/28/17,72827,72827,72827,72827,Monthly,Residential,POS,Retail,US,All,Real GDP,Morgan Stanley,US Residential Retail POS Units
3/31/17,72739,72739,72739,72739,Monthly,Residential,POS,Retail,US,All,Real GDP,Morgan Stanley,US Residential Retail POS Units
4/30/17,88084,88084,88084,88084,Monthly,Residential,POS,Retail,US,All,Real GDP,Morgan Stanley,US Residential Retail POS Units
5/31/17,70964,70964,70964,70964,Monthly,Residential,POS,Retail,US,All,Real GDP,Morgan Stanley,US Residential Retail POS Units
6/30/17,71944,71944,71944,71944,Monthly,Residential,POS,Retail,US,All,Real GDP,Morgan Stanley,US Residential Retail POS Units
7/31/17,92300,92300,92300,92300,Monthly,Residential,POS,Retail,US,All,Real GDP,Morgan Stanley,US Residential Retail POS Units
8/31/17,71424,71424,71424,71424,Monthly,Residential,POS,Retail,US,All,Real GDP,Morgan Stanley,US Residential Retail POS Units
9/30/17,75292,75292,75292,75292,Monthly,Residential,POS,Retail,US,All,Real GDP,Morgan Stanley,US Residential Retail POS Units
10/31/17,100735,100735,100735,100735,Monthly,Residential,POS,Retail,US,All,Real GDP,Morgan Stanley,US Residential Retail POS Units
11/30/17,93614,93614,93614,93614,Monthly,Residential,POS,Retail,US,All,Real GDP,Morgan Stanley,US Residential Retail POS Units
12/31/17,85298,85298,85298,85298,Monthly,Residential,POS,Retail,US,All,Real GDP,Morgan Stanley,US Residential Retail POS Units
1/31/18,99909,99909,99909,99909,Monthly,Residential,POS,Retail,US,All,Real GDP,Morgan Stanley,US Residential Retail POS Units
2/28/18,78112,78112,78112,78112,Monthly,Residential,POS,Retail,US,All,Real GDP,Morgan Stanley,US Residential Retail POS Units
3/31/18,76399,76399,76399,76399,Monthly,Residential,POS,Retail,US,All,Real GDP,Morgan Stanley,US Residential Retail POS Units
4/30/18,92052,92052,92052,92052,Monthly,Residential,POS,Retail,US,All,Real GDP,Morgan Stanley,US Residential Retail POS Units
5/31/18,77833,77833,77833,77833,Monthly,Residential,POS,Retail,US,All,Real GDP,Morgan Stanley,US Residential Retail POS Units
6/30/18,73679,73679,73679,73679,Monthly,Residential,POS,Retail,US,All,Real GDP,Morgan Stanley,US Residential Retail POS Units
7/31/18,95866,95866,95866,95866,Monthly,Residential,POS,Retail,US,All,Real GDP,Morgan Stanley,US Residential Retail POS Units
8/31/18,75560,75560,75560,75560,Monthly,Residential,POS,Retail,US,All,Real GDP,Morgan Stanley,US Residential Retail POS Units
9/30/18,83515,83515,83515,83515,Monthly,Residential,POS,Retail,US,All,Real GDP,Morgan Stanley,US Residential Retail POS Units
10/31/18,100005,100005,100005,100005,Monthly,Residential,POS,Retail,US,All,Real GDP,Morgan Stanley,US Residential Retail POS Units
11/30/18,91870,91870,91870,91870,Monthly,Residential,POS,Retail,US,All,Real GDP,Morgan Stanley,US Residential Retail POS Units
12/31/18,76926,76926,76926,76926,Monthly,Residential,POS,Retail,US,All,Real GDP,Morgan Stanley,US Residential Retail POS Units
1/31/19,88145,88145,88145,88145,Monthly,Residential,POS,Retail,US,All,Real GDP,Morgan Stanley,US Residential Retail POS Units
2/28/19,72071,72071,72071,72071,Monthly,Residential,POS,Retail,US,All,Real GDP,Morgan Stanley,US Residential Retail POS Units
3/31/19,75675,75675,75675,75675,Monthly,Residential,POS,Retail,US,All,Real GDP,Morgan Stanley,US Residential Retail POS Units
4/30/19,92553,92553,92553,92553,Monthly,Residential,POS,Retail,US,All,Real GDP,Morgan Stanley,US Residential Retail POS Units
5/31/19,75034,75034,75034,75034,Monthly,Residential,POS,Retail,US,All,Real GDP,Morgan Stanley,US Residential Retail POS Units
6/30/19,76492,76492,76492,76492,Monthly,Residential,POS,Retail,US,All,Real GDP,Morgan Stanley,US Residential Retail POS Units
7/31/19,102323,102323,102323,102323,Monthly,Residential,POS,Retail,US,All,Real GDP,Morgan Stanley,US Residential Retail POS Units
8/31/19,83479,83479,83479,83479,Monthly,Residential,POS,Retail,US,All,Real GDP,Morgan Stanley,US Residential Retail POS Units
9/30/19,77843,77843,77843,77843,Monthly,Residential,POS,Retail,US,All,Real GDP,Morgan Stanley,US Residential Retail POS Units
10/31/19,101031,101031,101031,101031,Monthly,Residential,POS,Retail,US,All,Real GDP,Morgan Stanley,US Residential Retail POS Units
11/30/19,93781,93781,93781,93781,Monthly,Residential,POS,Retail,US,All,Real GDP,Morgan Stanley,US Residential Retail POS Units
12/31/19,80630,80630,80630,80630,Monthly,Residential,POS,Retail,US,All,Real GDP,Morgan Stanley,US Residential Retail POS Units
1/31/20,85746,85746,85746,85746,Monthly,Residential,POS,Retail,US,All,Real GDP,Morgan Stanley,US Residential Retail POS Units
2/29/20,63730,63730,63730,63730,Monthly,Residential,POS,Retail,US,All,Real GDP,Morgan Stanley,US Residential Retail POS Units
3/31/20,65386,65386,65386,65386,Monthly,Residential,POS,Retail,US,All,Real GDP,Morgan Stanley,US Residential Retail POS Units
4/30/20,,77180.51412,71419.18199,82941.84625,Monthly,Residential,POS,Retail,US,All,Real GDP,Morgan Stanley,US Residential Retail POS Units
5/31/20,,56283.72556,48135.97153,64431.47959,Monthly,Residential,POS,Retail,US,All,Real GDP,Morgan Stanley,US Residential Retail POS Units
6/30/20,,59837.80928,49858.88932,69816.72924,Monthly,Residential,POS,Retail,US,All,Real GDP,Morgan Stanley,US Residential Retail POS Units
7/31/20,,74138.87757,62616.21332,85661.54182,Monthly,Residential,POS,Retail,US,All,Real GDP,Morgan Stanley,US Residential Retail POS Units
8/31/20,,62662.33601,49779.60574,75545.06629,Monthly,Residential,POS,Retail,US,All,Real GDP,Morgan Stanley,US Residential Retail POS Units
9/30/20,,64271.56088,50159.23693,78383.88483,Monthly,Residential,POS,Retail,US,All,Real GDP,Morgan Stanley,US Residential Retail POS Units
10/31/20,,86664.77805,71421.72602,101907.8301,Monthly,Residential,POS,Retail,US,All,Real GDP,Morgan Stanley,US Residential Retail POS Units
11/30/20,,91428.88868,75133.38062,107724.3967,Monthly,Residential,POS,Retail,US,All,Real GDP,Morgan Stanley,US Residential Retail POS Units
12/31/20,,76048.05467,58764.05829,93332.05105,Monthly,Residential,POS,Retail,US,All,Real GDP,Morgan Stanley,US Residential Retail POS Units
1/31/17,93566,93566,93566,93566,Monthly,Residential,POS,Retail,US,All,Real GDP,Wells Fargo,US Residential Retail POS Units
2/28/17,72827,72827,72827,72827,Monthly,Residential,POS,Retail,US,All,Real GDP,Wells Fargo,US Residential Retail POS Units
3/31/17,72739,72739,72739,72739,Monthly,Residential,POS,Retail,US,All,Real GDP,Wells Fargo,US Residential Retail POS Units
4/30/17,88084,88084,88084,88084,Monthly,Residential,POS,Retail,US,All,Real GDP,Wells Fargo,US Residential Retail POS Units
5/31/17,70964,70964,70964,70964,Monthly,Residential,POS,Retail,US,All,Real GDP,Wells Fargo,US Residential Retail POS Units
6/30/17,71944,71944,71944,71944,Monthly,Residential,POS,Retail,US,All,Real GDP,Wells Fargo,US Residential Retail POS Units
7/31/17,92300,92300,92300,92300,Monthly,Residential,POS,Retail,US,All,Real GDP,Wells Fargo,US Residential Retail POS Units
8/31/17,71424,71424,71424,71424,Monthly,Residential,POS,Retail,US,All,Real GDP,Wells Fargo,US Residential Retail POS Units
9/30/17,75292,75292,75292,75292,Monthly,Residential,POS,Retail,US,All,Real GDP,Wells Fargo,US Residential Retail POS Units
10/31/17,100735,100735,100735,100735,Monthly,Residential,POS,Retail,US,All,Real GDP,Wells Fargo,US Residential Retail POS Units
11/30/17,93614,93614,93614,93614,Monthly,Residential,POS,Retail,US,All,Real GDP,Wells Fargo,US Residential Retail POS Units
12/31/17,85298,85298,85298,85298,Monthly,Residential,POS,Retail,US,All,Real GDP,Wells Fargo,US Residential Retail POS Units
1/31/18,99909,99909,99909,99909,Monthly,Residential,POS,Retail,US,All,Real GDP,Wells Fargo,US Residential Retail POS Units
2/28/18,78112,78112,78112,78112,Monthly,Residential,POS,Retail,US,All,Real GDP,Wells Fargo,US Residential Retail POS Units
3/31/18,76399,76399,76399,76399,Monthly,Residential,POS,Retail,US,All,Real GDP,Wells Fargo,US Residential Retail POS Units
4/30/18,92052,92052,92052,92052,Monthly,Residential,POS,Retail,US,All,Real GDP,Wells Fargo,US Residential Retail POS Units
5/31/18,77833,77833,77833,77833,Monthly,Residential,POS,Retail,US,All,Real GDP,Wells Fargo,US Residential Retail POS Units
6/30/18,73679,73679,73679,73679,Monthly,Residential,POS,Retail,US,All,Real GDP,Wells Fargo,US Residential Retail POS Units
7/31/18,95866,95866,95866,95866,Monthly,Residential,POS,Retail,US,All,Real GDP,Wells Fargo,US Residential Retail POS Units
8/31/18,75560,75560,75560,75560,Monthly,Residential,POS,Retail,US,All,Real GDP,Wells Fargo,US Residential Retail POS Units
9/30/18,83515,83515,83515,83515,Monthly,Residential,POS,Retail,US,All,Real GDP,Wells Fargo,US Residential Retail POS Units
10/31/18,100005,100005,100005,100005,Monthly,Residential,POS,Retail,US,All,Real GDP,Wells Fargo,US Residential Retail POS Units
11/30/18,91870,91870,91870,91870,Monthly,Residential,POS,Retail,US,All,Real GDP,Wells Fargo,US Residential Retail POS Units
12/31/18,76926,76926,76926,76926,Monthly,Residential,POS,Retail,US,All,Real GDP,Wells Fargo,US Residential Retail POS Units
1/31/19,88145,88145,88145,88145,Monthly,Residential,POS,Retail,US,All,Real GDP,Wells Fargo,US Residential Retail POS Units
2/28/19,72071,72071,72071,72071,Monthly,Residential,POS,Retail,US,All,Real GDP,Wells Fargo,US Residential Retail POS Units
3/31/19,75675,75675,75675,75675,Monthly,Residential,POS,Retail,US,All,Real GDP,Wells Fargo,US Residential Retail POS Units
4/30/19,92553,92553,92553,92553,Monthly,Residential,POS,Retail,US,All,Real GDP,Wells Fargo,US Residential Retail POS Units
5/31/19,75034,75034,75034,75034,Monthly,Residential,POS,Retail,US,All,Real GDP,Wells Fargo,US Residential Retail POS Units
6/30/19,76492,76492,76492,76492,Monthly,Residential,POS,Retail,US,All,Real GDP,Wells Fargo,US Residential Retail POS Units
7/31/19,102323,102323,102323,102323,Monthly,Residential,POS,Retail,US,All,Real GDP,Wells Fargo,US Residential Retail POS Units
8/31/19,83479,83479,83479,83479,Monthly,Residential,POS,Retail,US,All,Real GDP,Wells Fargo,US Residential Retail POS Units
9/30/19,77843,77843,77843,77843,Monthly,Residential,POS,Retail,US,All,Real GDP,Wells Fargo,US Residential Retail POS Units
10/31/19,101031,101031,101031,101031,Monthly,Residential,POS,Retail,US,All,Real GDP,Wells Fargo,US Residential Retail POS Units
11/30/19,93781,93781,93781,93781,Monthly,Residential,POS,Retail,US,All,Real GDP,Wells Fargo,US Residential Retail POS Units
12/31/19,80630,80630,80630,80630,Monthly,Residential,POS,Retail,US,All,Real GDP,Wells Fargo,US Residential Retail POS Units
1/31/20,85746,85746,85746,85746,Monthly,Residential,POS,Retail,US,All,Real GDP,Wells Fargo,US Residential Retail POS Units
2/29/20,63730,63730,63730,63730,Monthly,Residential,POS,Retail,US,All,Real GDP,Wells Fargo,US Residential Retail POS Units
3/31/20,65386,65386,65386,65386,Monthly,Residential,POS,Retail,US,All,Real GDP,Wells Fargo,US Residential Retail POS Units
4/30/20,,82537.30426,76777.38107,88297.22744,Monthly,Residential,POS,Retail,US,All,Real GDP,Wells Fargo,US Residential Retail POS Units
5/31/20,,61767.12177,53621.36028,69912.88326,Monthly,Residential,POS,Retail,US,All,Real GDP,Wells Fargo,US Residential Retail POS Units
6/30/20,,65230.4567,55253.97709,75206.9363,Monthly,Residential,POS,Retail,US,All,Real GDP,Wells Fargo,US Residential Retail POS Units
7/31/20,,76859.15069,65339.30431,88378.99706,Monthly,Residential,POS,Retail,US,All,Real GDP,Wells Fargo,US Residential Retail POS Units
8/31/20,,65403.91354,52524.33375,78283.49334,Monthly,Residential,POS,Retail,US,All,Real GDP,Wells Fargo,US Residential Retail POS Units
9/30/20,,67166.51888,53057.64611,81275.39164,Monthly,Residential,POS,Retail,US,All,Real GDP,Wells Fargo,US Residential Retail POS Units
10/31/20,,87153.47747,71914.15314,102392.8018,Monthly,Residential,POS,Retail,US,All,Real GDP,Wells Fargo,US Residential Retail POS Units
11/30/20,,91816.93941,75525.41643,108108.4624,Monthly,Residential,POS,Retail,US,All,Real GDP,Wells Fargo,US Residential Retail POS Units
12/31/20,,76623.32049,59343.55092,93903.09005,Monthly,Residential,POS,Retail,US,All,Real GDP,Wells Fargo,US Residential Retail POS Units
1/31/17,93566,93566,93566,93566,Monthly,Residential,POS,Retail,US,All,No,No,US Residential Retail POS Units
2/28/17,72827,72827,72827,72827,Monthly,Residential,POS,Retail,US,All,No,No,US Residential Retail POS Units
3/31/17,72739,72739,72739,72739,Monthly,Residential,POS,Retail,US,All,No,No,US Residential Retail POS Units
4/30/17,88084,88084,88084,88084,Monthly,Residential,POS,Retail,US,All,No,No,US Residential Retail POS Units
5/31/17,70964,70964,70964,70964,Monthly,Residential,POS,Retail,US,All,No,No,US Residential Retail POS Units
6/30/17,71944,71944,71944,71944,Monthly,Residential,POS,Retail,US,All,No,No,US Residential Retail POS Units
7/31/17,92300,92300,92300,92300,Monthly,Residential,POS,Retail,US,All,No,No,US Residential Retail POS Units
8/31/17,71424,71424,71424,71424,Monthly,Residential,POS,Retail,US,All,No,No,US Residential Retail POS Units
9/30/17,75292,75292,75292,75292,Monthly,Residential,POS,Retail,US,All,No,No,US Residential Retail POS Units
10/31/17,100735,100735,100735,100735,Monthly,Residential,POS,Retail,US,All,No,No,US Residential Retail POS Units
11/30/17,93614,93614,93614,93614,Monthly,Residential,POS,Retail,US,All,No,No,US Residential Retail POS Units
12/31/17,85298,85298,85298,85298,Monthly,Residential,POS,Retail,US,All,No,No,US Residential Retail POS Units
1/31/18,99909,99909,99909,99909,Monthly,Residential,POS,Retail,US,All,No,No,US Residential Retail POS Units
2/28/18,78112,78112,78112,78112,Monthly,Residential,POS,Retail,US,All,No,No,US Residential Retail POS Units
3/31/18,76399,76399,76399,76399,Monthly,Residential,POS,Retail,US,All,No,No,US Residential Retail POS Units
4/30/18,92052,92052,92052,92052,Monthly,Residential,POS,Retail,US,All,No,No,US Residential Retail POS Units
5/31/18,77833,77833,77833,77833,Monthly,Residential,POS,Retail,US,All,No,No,US Residential Retail POS Units
6/30/18,73679,73679,73679,73679,Monthly,Residential,POS,Retail,US,All,No,No,US Residential Retail POS Units
7/31/18,95866,95866,95866,95866,Monthly,Residential,POS,Retail,US,All,No,No,US Residential Retail POS Units
8/31/18,75560,75560,75560,75560,Monthly,Residential,POS,Retail,US,All,No,No,US Residential Retail POS Units
9/30/18,83515,83515,83515,83515,Monthly,Residential,POS,Retail,US,All,No,No,US Residential Retail POS Units
10/31/18,100005,100005,100005,100005,Monthly,Residential,POS,Retail,US,All,No,No,US Residential Retail POS Units
11/30/18,91870,91870,91870,91870,Monthly,Residential,POS,Retail,US,All,No,No,US Residential Retail POS Units
12/31/18,76926,76926,76926,76926,Monthly,Residential,POS,Retail,US,All,No,No,US Residential Retail POS Units
1/31/19,88145,88145,88145,88145,Monthly,Residential,POS,Retail,US,All,No,No,US Residential Retail POS Units
2/28/19,72071,72071,72071,72071,Monthly,Residential,POS,Retail,US,All,No,No,US Residential Retail POS Units
3/31/19,75675,75675,75675,75675,Monthly,Residential,POS,Retail,US,All,No,No,US Residential Retail POS Units
4/30/19,92553,92553,92553,92553,Monthly,Residential,POS,Retail,US,All,No,No,US Residential Retail POS Units
5/31/19,75034,75034,75034,75034,Monthly,Residential,POS,Retail,US,All,No,No,US Residential Retail POS Units
6/30/19,76492,76492,76492,76492,Monthly,Residential,POS,Retail,US,All,No,No,US Residential Retail POS Units
7/31/19,102323,102323,102323,102323,Monthly,Residential,POS,Retail,US,All,No,No,US Residential Retail POS Units
8/31/19,83479,83479,83479,83479,Monthly,Residential,POS,Retail,US,All,No,No,US Residential Retail POS Units
9/30/19,77843,77843,77843,77843,Monthly,Residential,POS,Retail,US,All,No,No,US Residential Retail POS Units
10/31/19,101031,101031,101031,101031,Monthly,Residential,POS,Retail,US,All,No,No,US Residential Retail POS Units
11/30/19,93781,93781,93781,93781,Monthly,Residential,POS,Retail,US,All,No,No,US Residential Retail POS Units
12/31/19,80630,80630,80630,80630,Monthly,Residential,POS,Retail,US,All,No,No,US Residential Retail POS Units
1/31/20,85746,85746,85746,85746,Monthly,Residential,POS,Retail,US,All,No,No,US Residential Retail POS Units
2/29/20,63730,63730,63730,63730,Monthly,Residential,POS,Retail,US,All,No,No,US Residential Retail POS Units
3/31/20,65386,65386,65386,65386,Monthly,Residential,POS,Retail,US,All,No,No,US Residential Retail POS Units
4/30/20,,90962.73357,85106.51604,96818.95109,Monthly,Residential,POS,Retail,US,All,No,No,US Residential Retail POS Units
5/31/20,,67773.87451,59491.93227,76055.81676,Monthly,Residential,POS,Retail,US,All,No,No,US Residential Retail POS Units
6/30/20,,71337.74691,61194.48062,81481.0132,Monthly,Residential,POS,Retail,US,All,No,No,US Residential Retail POS Units
7/31/20,,83957.56327,72245.12822,95669.99832,Monthly,Residential,POS,Retail,US,All,No,No,US Residential Retail POS Units
8/31/20,,70300.66862,57205.76815,83395.5691,Monthly,Residential,POS,Retail,US,All,No,No,US Residential Retail POS Units
9/30/20,,72354.73737,58009.99261,86699.48213,Monthly,Residential,POS,Retail,US,All,No,No,US Residential Retail POS Units
10/31/20,,94227.22856,78733.13336,109721.3237,Monthly,Residential,POS,Retail,US,All,No,No,US Residential Retail POS Units
11/30/20,,99559.91575,82996.03126,116123.8002,Monthly,Residential,POS,Retail,US,All,No,No,US Residential Retail POS Units
12/31/20,,81989.80427,64421.1517,99558.45685,Monthly,Residential,POS,Retail,US,All,No,No,US Residential Retail POS Units